{
  "conv1_w": 0.005166423041373491,
  "conv1_b": 0.0022431944962590933,
  "conv2_w": 0.005475139711052179,
  "conv2_b": 0.001869281637482345,
  "fc1_w": 0.004051529802381992,
  "fc1_b": 0.0007256046519614756,
  "fc2_w": 0.0037162669468671083,
  "fc2_b": 0.002122165635228157
}